Thématiques,Critères,Accueil avec liste des dossiers (connecté) | https://citoyens.recette.telerecours.fr/#/accueil,Authentification (déconnecté)|https://citoyens.recette.telerecours.fr/#/authentication,Création de compte (personne morale)|https://citoyens.recette.telerecours.fr/#/register/morale,Mot de passe oublié|https://citoyens.recette.telerecours.fr/#/reset/request ,Mentions légales|https://citoyens.recette.telerecours.fr/#/mentions-legales,Aide / FAQ|https://citoyens.recette.telerecours.fr/#/faq,Plan du site|https://citoyens.recette.telerecours.fr/#/plan-site,Visualisation d'un dossier|https://citoyens.recette.telerecours.fr/#/historique/1175,Dépôt de requête - étape 1 avertissement|https://citoyens.recette.telerecours.fr/#/depot-requete/avertissement,Dépôt de requête - étape 2 requérant|https://citoyens.recette.telerecours.fr/#/depot-requete/requerants,Dépôt de requête - étape 3 Juridiction|https://citoyens.recette.telerecours.fr/#/depot-requete/juridiction,Dépôt de requête - étape 4 Justificatifs|https://citoyens.recette.telerecours.fr/#/depot-requete/justificatifs,Dépôt de requête - étape 5 Récapitulatif|https://citoyens.recette.telerecours.fr/#/depot-requete/recapitulatif,Mon compte|https://citoyens.recette.telerecours.fr/#/mon-profil,Rattacher un dossier à mon compte- étape 1 Avertissement|https://citoyens.recette.telerecours.fr/#/rattachement/avertissement,Rattacher un dossier à mon compte - étape 2 Saisie du code,Rattacher un dossier à mon compte - étape 3 Confirmation|https://citoyens.recette.telerecours.fr/#/rattachement/rejoindre-dossier
1,1,na,na,na,na,na,na,na,na,na,na,na,na,,na,,,
1,2,na,na,na,nc,na,na,na,nc,nc,nc,nc,nc,,na,,,
1,3,na,na,na,na,na,na,na,na,na,na,na,na,,na,,,
1,4,na,na,c,na,na,na,na,na,na,na,na,na,,na,,,
1,5,na,na,nc,na,na,na,na,na,na,na,na,na,,na,,,
1,6,na,na,na,na,na,na,na,na,na,na,na,na,,na,,,
1,7,na,na,na,na,na,na,na,na,na,na,na,na,,na,,,
1,8,na,na,na,na,na,na,na,na,na,na,na,na,,na,,,
1,9,na,na,na,na,na,na,na,na,na,na,na,na,,na,,,
2,1,na,na,na,na,na,na,na,na,na,na,na,na,,na,,,
2,2,na,na,na,na,na,na,na,na,na,na,na,na,,na,,,
3,1,c,nc,nc,c,c,c,c,c,nc,nc,nc,nc,,nc,,,
3,2,nc,nc,nc,nc,nc,nc,nc,nc,nc,nc,nc,nc,,nc,,,
3,3,nc,nc,nc,nc,c,c,c,na,na,na,c,c,,nc,,,
4,1,na,na,na,na,na,na,na,na,na,na,na,na,,na,,,
4,2,na,na,na,na,na,na,na,na,na,na,na,na,,na,,,
4,3,na,na,na,na,na,na,na,na,na,na,na,na,,na,,,
4,4,na,na,na,na,na,na,na,na,na,na,na,na,,na,,,
4,5,na,na,na,na,na,na,na,na,na,na,na,na,,na,,,
4,6,na,na,na,na,na,na,na,na,na,na,na,na,,na,,,
4,7,na,na,na,na,na,na,na,na,na,na,na,na,,na,,,
4,8,na,na,na,na,na,na,na,na,na,na,na,na,,na,,,
4,9,na,na,na,na,na,na,na,na,na,na,na,na,,na,,,
4,10,na,na,na,na,na,na,na,na,na,na,na,na,,na,,,
4,11,na,na,na,na,na,na,na,na,na,na,na,na,,na,,,
4,12,na,na,na,na,na,na,na,na,na,na,na,na,,na,,,
4,13,na,na,na,na,na,na,na,na,na,na,na,na,,na,,,
5,1,na,na,na,na,na,na,na,na,na,na,na,na,,na,,,
5,2,na,na,na,na,na,na,na,na,na,na,na,na,,na,,,
5,3,c,na,na,na,na,na,na,na,na,na,na,na,,na,,,
5,4,nc,na,na,na,na,na,na,na,na,na,na,na,,na,,,
5,5,na,na,na,na,na,na,na,na,na,na,na,na,,na,,,
5,6,nc,na,na,na,c,na,na,na,na,na,na,na,,na,,,
5,7,nc,na,na,na,c,na,na,na,na,na,na,na,,na,,,
5,8,na,na,na,na,na,na,na,na,na,na,na,na,,na,,,
6,1,nc,nc,nc,nc,nc,nc,nc,nc,nc,nc,nc,nc,,nc,,,
6,2,c,c,c,c,c,nc,c,c,c,c,c,c,,nt,,,
7,1,nc,nc,nc,nc,na,nc,nc,nc,nc,nc,nc,nc,,nc,,,
7,2,na,na,na,na,na,na,na,na,na,na,na,na,,nt,,,
7,3,na,nc,nc,nc,nc,nc,nc,nc,nc,nc,nc,nc,,nc,,,
7,4,nc,na,na,na,na,na,na,na,na,na,na,nc,,nt,,,
7,5,na,na,na,na,na,na,na,na,na,na,na,na,,nt,,,
8,1,c,c,c,c,c,c,c,c,c,c,c,c,,nt,,,
8,2,nc,nc,nc,nc,nc,nc,nt,nc,nc,nc,nc,nc,,nc,,,
8,3,c,c,c,c,c,c,c,c,c,c,c,c,,nt,,,
8,4,c,c,c,c,c,c,c,c,c,c,c,c,,nt,,,
8,5,c,c,c,c,c,c,c,c,c,c,c,c,,nt,,,
8,6,nc,nc,nc,nc,nc,nc,nc,nc,nc,nc,nc,nc,,nt,,,
8,7,na,na,na,na,na,na,na,nc,na,na,na,na,,nt,,,
8,8,na,na,na,na,na,na,na,na,na,na,na,na,,nt,,,
8,9,c,nc,nc,nc,c,nc,c,nc,c,nc,c,nc,,nt,,,
8,10,na,na,na,na,na,na,na,na,na,na,na,na,,nt,,,
9,1,c,nc,c,c,c,nc,c,c,c,c,c,c,,nt,,,
9,2,nc,nc,nc,nc,nc,nc,nc,nc,nc,nc,nc,c,,nc,,,
9,3,nc,nc,nc,nc,nc,nc,nc,nc,nc,nc,nc,nc,,nc,,,
9,4,na,na,na,na,na,na,na,na,na,na,na,na,,nt,,,
10,1,c,c,c,c,c,c,c,c,c,c,c,c,,nt,,,
10,2,nc,nc,c,c,c,nc,c,nc,c,c,nc,c,,nt,,,
10,3,nc,nc,c,c,c,c,c,c,c,c,c,c,,nt,,,
10,4,c,c,c,c,c,c,c,c,c,c,c,c,,nt,,,
10,5,c,c,c,c,c,c,c,c,c,c,c,c,,nt,,,
10,6,na,na,na,na,nc,nc,na,na,nc,nc,nc,na,,nt,,,
10,7,c,c,c,c,c,nc,c,c,c,c,c,c,,nt,,,
10,8,c,na,c,c,na,na,na,c,c,c,c,c,,nt,,,
10,9,nc,c,na,na,c,c,c,nc,nc,nc,nc,nc,,nt,,,
10,10,na,na,na,na,c,c,c,na,na,na,na,na,,nt,,,
10,11,c,c,c,c,c,c,c,c,c,c,c,c,,nt,,,
10,12,c,c,c,c,c,nc,c,c,c,c,c,c,,nt,,,
10,13,na,na,na,na,na,na,na,na,na,na,na,na,,nt,,,
10,14,na,na,na,na,na,na,na,na,na,na,na,na,,nt,,,
11,1,nc,c,nc,c,na,nc,na,na,c,na,c,c,,nt,,,
11,2,na,c,na,c,na,na,na,na,c,na,c,nc,,nt,,,
11,3,na,na,na,na,na,na,na,na,na,na,na,na,,nt,,,
11,4,na,c,c,c,na,na,na,na,c,na,c,c,,nt,,,
11,5,na,nc,nc,na,na,na,na,na,na,na,na,na,,nt,,,
11,6,na,na,nc,na,na,na,na,na,na,na,na,na,,nt,,,
11,7,na,na,na,na,na,na,na,na,na,na,na,na,,nt,,,
11,8,na,na,na,na,na,na,na,na,na,na,na,na,,nt,,,
11,9,na,c,c,c,na,na,na,na,na,na,na,na,,nt,,,
11,10,na,nc,c,c,na,na,na,na,c,na,na,na,,nt,,,
11,11,na,nc,nc,nc,na,na,na,na,na,na,na,c,,nt,,,
11,12,na,na,na,na,na,na,na,na,na,na,na,na,,nt,,,
11,13,na,c,nc,c,na,na,na,na,na,na,na,na,,nt,,,
12,1,c,c,c,c,c,c,c,c,c,c,c,c,,nt,,,
12,2,c,c,c,c,c,c,c,c,c,c,c,c,,nt,,,
12,3,c,c,c,c,c,c,c,c,c,c,c,c,,nt,,,
12,4,c,c,c,c,c,c,c,c,c,c,c,c,,nt,,,
12,5,na,na,na,na,na,na,na,na,na,na,na,na,,nt,,,
12,6,nc,nc,nc,nc,nc,nc,nc,nc,nc,nc,nc,nc,,nc,,,
12,7,nc,nc,nc,nc,nc,nc,nc,nc,nc,nc,nc,nc,,nc,,,
12,8,c,c,c,c,c,nc,c,nc,nc,nc,nc,nc,,nt,,,
12,9,c,c,c,c,c,c,c,c,c,c,c,c,,nt,,,
12,10,na,na,na,na,na,na,na,na,na,na,na,na,,nt,,,
12,11,na,na,na,na,na,na,na,na,na,na,na,na,,nt,,,
13,1,na,na,na,na,na,na,na,na,na,na,na,na,,nt,,,
13,2,c,na,c,c,na,na,na,c,c,c,c,c,,nt,,,
13,3,na,na,na,na,na,na,na,na,na,na,na,na,,nt,,,
13,4,na,na,na,na,na,na,na,na,na,na,na,na,,nt,,,
13,5,na,na,na,na,na,na,na,na,na,na,na,na,,nt,,,
13,6,na,na,na,na,na,na,na,na,na,na,na,na,,nt,,,
13,7,na,na,na,na,na,na,na,c,na,na,na,na,,nt,,,
13,8,na,na,na,na,na,na,na,na,na,na,na,na,,nt,,,
13,9,c,c,na,c,c,c,c,c,c,c,c,c,,nt,,,
13,10,na,na,na,na,na,na,na,na,na,na,na,na,,nt,,,
13,11,c,c,c,c,c,c,c,c,c,c,c,c,,nt,,,
13,12,na,na,na,na,na,na,na,na,na,na,na,na,,nt,,,
